{"cameraMode":{"drawMode":0,"name":"Shaded","section":"Shading Mode"},"sceneLighting":false,"audioPlay":false,"sceneViewState":{"m_AlwaysRefresh":false,"showFog":true,"showSkybox":true,"showFlares":true,"showImageEffects":true,"showParticleSystems":true,"showVisualEffectGraphs":true,"m_FxEnabled":true},"in2DMode":false,"pivot":{"x":-187.19424438476563,"y":-108.78606414794922,"z":-189.19540405273438},"rotation":{"x":0.03308742493391037,"y":-0.9564008116722107,"z":0.26398414373397829,"w":0.12081877142190933},"size":126.63575744628906,"orthographic":false}