{"cameraMode":{"drawMode":0,"name":"Shaded","section":"Shading Mode"},"sceneLighting":true,"audioPlay":false,"sceneViewState":{"m_AlwaysRefresh":false,"showFog":true,"showSkybox":true,"showFlares":true,"showImageEffects":true,"showParticleSystems":true,"showVisualEffectGraphs":true,"m_FxEnabled":false},"in2DMode":false,"pivot":{"x":-39.34822463989258,"y":-200.89390563964845,"z":-167.0630645751953},"rotation":{"x":-0.010948074981570244,"y":0.9053018689155579,"z":-0.42398926615715029,"w":-0.02337608113884926},"size":189.21261596679688,"orthographic":false}