{"cameraMode":{"drawMode":0,"name":"Shaded","section":"Shading Mode"},"sceneLighting":true,"audioPlay":false,"sceneViewState":{"m_AlwaysRefresh":false,"showFog":true,"showSkybox":true,"showFlares":true,"showImageEffects":true,"showParticleSystems":true,"showVisualEffectGraphs":true,"m_FxEnabled":false},"in2DMode":false,"pivot":{"x":-95.47476196289063,"y":-14.460826873779297,"z":-133.78384399414063},"rotation":{"x":-0.006235450506210327,"y":0.9934313893318176,"z":-0.09265678375959397,"w":-0.06686323881149292},"size":237.8650665283203,"orthographic":false}