{"cameraMode":{"drawMode":0,"name":"Shaded","section":"Shading Mode"},"sceneLighting":false,"audioPlay":false,"sceneViewState":{"m_AlwaysRefresh":false,"showFog":true,"showSkybox":true,"showFlares":true,"showImageEffects":true,"showParticleSystems":true,"showVisualEffectGraphs":true,"m_FxEnabled":true},"in2DMode":false,"pivot":{"x":49.700687408447269,"y":12.177000999450684,"z":87.38526916503906},"rotation":{"x":-0.025296246632933618,"y":-0.9745045304298401,"z":0.1472817063331604,"w":-0.16737248003482819},"size":7.771645545959473,"orthographic":false}