{"cameraMode":{"drawMode":0,"name":"Shaded","section":"Shading Mode"},"sceneLighting":true,"audioPlay":false,"sceneViewState":{"m_AlwaysRefresh":false,"showFog":true,"showSkybox":true,"showFlares":true,"showImageEffects":true,"showParticleSystems":true,"showVisualEffectGraphs":true,"m_FxEnabled":false},"in2DMode":false,"pivot":{"x":-26.765464782714845,"y":-164.09889221191407,"z":130.23101806640626},"rotation":{"x":0.38513225317001345,"y":-0.31557685136795046,"z":0.14206479489803315,"w":0.8555145859718323},"size":182.98544311523438,"orthographic":false}