{"cameraMode":{"drawMode":0,"name":"Shaded","section":"Shading Mode"},"sceneLighting":true,"audioPlay":false,"sceneViewState":{"m_AlwaysRefresh":false,"showFog":true,"showSkybox":true,"showFlares":true,"showImageEffects":true,"showParticleSystems":true,"showVisualEffectGraphs":true,"m_FxEnabled":false},"in2DMode":false,"pivot":{"x":-31.974258422851564,"y":-0.9420623779296875,"z":30.065216064453126},"rotation":{"x":-0.027570944279432298,"y":0.8790475726127625,"z":-0.47318407893180849,"w":-0.05121694505214691},"size":108.80711364746094,"orthographic":false}