{"cameraMode":{"drawMode":0,"name":"Shaded","section":"Shading Mode"},"sceneLighting":false,"audioPlay":false,"sceneViewState":{"m_AlwaysRefresh":false,"showFog":true,"showSkybox":true,"showFlares":true,"showImageEffects":true,"showParticleSystems":true,"showVisualEffectGraphs":true,"m_FxEnabled":true},"in2DMode":false,"pivot":{"x":-4.569945335388184,"y":24.447956085205079,"z":-0.8682449460029602},"rotation":{"x":-0.06436287611722946,"y":-0.8893662095069885,"z":0.43290770053863528,"w":-0.13222427666187287},"size":15.687999725341797,"orthographic":false}