{"cameraMode":{"drawMode":0,"name":"Shaded","section":"Shading Mode"},"sceneLighting":false,"audioPlay":false,"sceneViewState":{"m_AlwaysRefresh":false,"showFog":true,"showSkybox":true,"showFlares":true,"showImageEffects":true,"showParticleSystems":true,"showVisualEffectGraphs":true,"m_FxEnabled":false},"in2DMode":false,"pivot":{"x":-35.20066452026367,"y":9.835811614990235,"z":-7.947967529296875},"rotation":{"x":0.23857969045639039,"y":-0.19449245929718018,"z":0.048834193497896197,"w":0.9501943588256836},"size":39.536834716796878,"orthographic":false}