{"cameraMode":{"drawMode":0,"name":"Shaded","section":"Shading Mode"},"sceneLighting":true,"audioPlay":false,"sceneViewState":{"m_AlwaysRefresh":false,"showFog":true,"showSkybox":true,"showFlares":true,"showImageEffects":true,"showParticleSystems":true,"showVisualEffectGraphs":true,"m_FxEnabled":false},"in2DMode":false,"pivot":{"x":-39.185874938964847,"y":-28.904788970947267,"z":-48.771461486816409},"rotation":{"x":-0.09186439961194992,"y":-0.9009675979614258,"z":0.23262667655944825,"w":-0.3546711504459381},"size":54.737091064453128,"orthographic":false}