{"cameraMode":{"drawMode":0,"name":"Shaded","section":"Shading Mode"},"sceneLighting":true,"audioPlay":false,"sceneViewState":{"m_AlwaysRefresh":false,"showFog":true,"showSkybox":true,"showFlares":true,"showImageEffects":true,"showParticleSystems":true,"showVisualEffectGraphs":true,"m_FxEnabled":false},"in2DMode":false,"pivot":{"x":-136.95437622070313,"y":-125.21051025390625,"z":-292.2057189941406},"rotation":{"x":0.03834761306643486,"y":-0.9599208235740662,"z":0.22205181419849397,"w":0.1669023633003235},"size":181.44992065429688,"orthographic":false}