{"cameraMode":{"drawMode":0,"name":"Shaded","section":"Shading Mode"},"sceneLighting":false,"audioPlay":false,"sceneViewState":{"m_AlwaysRefresh":false,"showFog":true,"showSkybox":false,"showFlares":true,"showImageEffects":true,"showParticleSystems":true,"showVisualEffectGraphs":true,"m_FxEnabled":true},"in2DMode":false,"pivot":{"x":47.842830657958987,"y":5.673965930938721,"z":60.21034240722656},"rotation":{"x":-0.19376620650291444,"y":-0.0026525130961090328,"z":0.0005236502038314939,"w":-0.9810476899147034},"size":4.32142448425293,"orthographic":false}