{"cameraMode":{"drawMode":0,"name":"Shaded","section":"Shading Mode"},"sceneLighting":true,"audioPlay":false,"sceneViewState":{"showFog":false,"showMaterialUpdate":false,"showSkybox":false,"showFlares":false,"showImageEffects":false,"showParticleSystems":false},"in2DMode":false,"pivot":{"x":-43.41324996948242,"y":-6.933287620544434,"z":-19.78156852722168},"rotation":{"x":-0.043404463678598407,"y":0.8361430764198303,"z":-0.06687407940626145,"w":-0.5426889657974243},"size":79.90575408935547,"orthographic":false}